<?xml version="1.0" encoding="UTF-8"?>
<project-private xmlns="http://www.netbeans.org/ns/project-private/1">
    <editor-bookmarks xmlns="http://www.netbeans.org/ns/editor-bookmarks/2" lastBookmarkId="0"/>
    <open-files xmlns="http://www.netbeans.org/ns/projectui-open-files/2">
        <group>
            <file>file:/C:/Users/Itsuka%20Kotori/Documents/RPL%20diagram/JavaFXApplication6/src/Model/Referee.java</file>
            <file>file:/C:/Users/Itsuka%20Kotori/Documents/RPL%20diagram/JavaFXApplication6/src/Controller/DecisionController.java</file>
            <file>file:/C:/Users/Itsuka%20Kotori/Documents/RPL%20diagram/JavaFXApplication6/src/Controller/AthleteController.java</file>
            <file>file:/C:/Users/Itsuka%20Kotori/Documents/RPL%20diagram/JavaFXApplication6/src/Controller/CompetitionController.java</file>
            <file>file:/C:/Users/Itsuka%20Kotori/Documents/RPL%20diagram/JavaFXApplication6/src/Model/Athlete.java</file>
            <file>file:/C:/Users/Itsuka%20Kotori/Documents/RPL%20diagram/JavaFXApplication6/src/TesterModul/TesterClock.java</file>
            <file>file:/C:/Users/Itsuka%20Kotori/Documents/RPL%20diagram/JavaFXApplication6/src/Model/Clock.java</file>
            <file>file:/C:/Users/Itsuka%20Kotori/Documents/RPL%20diagram/JavaFXApplication6/src/Model/Jury.java</file>
            <file>file:/C:/Users/Itsuka%20Kotori/Documents/RPL%20diagram/JavaFXApplication6/src/TesterModul/Tester.java</file>
        </group>
    </open-files>
</project-private>
